[  
      {
    
        "sku": "20810",
        "displayName": "Asahi",
        "price": "$10.00",
        "type": "drink",
        "taxClasses": [
            0
        ],
        
      "images": 
            "https://mnumenuprddataae.azureedge.net/6086/608646ff5d314e1bc047e46e/drink/2f791e26eff64eda8ff50f95ce153543-thumb.jpg",
       
        "priceLevels": {
            "0": 8.5
        },
        "description": "Bottle 330ml"
    },
    {
        "sku": "23237",
        "displayName": "Byron Bay",
        "price": "$8.50",
        "type": "drink",
        "taxClasses": [
            0
        ],
        "images": 
        "https://mnumenuprddataae.azureedge.net/6086/608646ff5d314e1bc047e46e/drink/2f791e26eff64eda8ff50f95ce153543-full.jpg",
            
        
        "priceLevels": {
            "0": 7.0
        },
        "description": "Bottle 330ml"
    },
   
    {
        "sku": "98",
        "displayName": "Hahn Light",
        "price": "$7.00",
        "type": "drink",
        "taxClasses": [
            0
        ],
        "images": 
            "https://mnumenuprddataae.azureedge.net/6086/608646ff5d314e1bc047e46e/drink/64e87f944c464697aaebb7e80b102067-thumb.jpg",
       
        "priceLevels": {
            "0": 5.5
        },
        "description": "Bottle 375ML"
    },
     {
        "sku": "21979",
        "displayName": "Hahn Ultra Crisp",
        "price": "$7.50",
        "type": "drink",
        "taxClasses": [
            0
        ],
        "images": 
        "https://mnumenuprddataae.azureedge.net/6086/608646ff5d314e1bc047e46e/drink/94edf8c4a78a4e169739124e1dd03b58-full.jpg",
            
        
        "priceLevels": {
            "0": 6.0
        },
        "description": "Bottle 330ML"
    },
     {
        "sku": "21175",
        "displayName": "Peroni Nastro",
        "price": "$9.50",
        "type": "drink",
        "taxClasses": [
            0
        ],
        "images": "https://mnumenuprddataae.azureedge.net/6086/608646ff5d314e1bc047e46e/drink/c51c8b787bd341b0a921793379af316d-full.jpg",
            
        "priceLevels": {
            "0": 8.0
        },
        "description": "Bottle 330ml"
    },
   {
        "sku": "49",
        "displayName": "Tooheys Extra Dry",
        "price": "$9.00",
        "type": "drink",
        "taxClasses": [
            0
        ],
        "images":"https://mnumenuprddataae.azureedge.net/6086/608646ff5d314e1bc047e46e/drink/afb607ef9c824796a9c8b0b540450051-full.jpg",
            
        "priceLevels": {
            "0": 7.5
        },
        "description": "Bottle 345ML"
    },
   {
        "sku": "239",
        "displayName": "XXXX Summer",
        "price": "$9.00",
        "type": "drink",
        "taxClasses": [
            0
        ],
        "images": "https://mnumenuprddataae.azureedge.net/6086/608646ff5d314e1bc047e46e/drink/458df16d7f854692a4c54e18f554d7ad-full.png",
           
        "priceLevels": {
            "0": 7.5
        },
        "description": "Bottle 330ML"
    }
     

]